,zHorvathAgeEAA,zHannumAgeEAA,zPhenoAgeEAA,zGrimAgeMortEAA,zDunedinPoAm,ztelomean_no_outliers
zHorvathAgeEAA,1,0.45242858,0.25070924,0.11700676,0.13167481,0.001830509
zHannumAgeEAA,0.45242858,1,0.43343696,0.32109243,0.18243277,-0.003898963
zPhenoAgeEAA,0.25070924,0.43343696,1,0.37135279,0.25441685,0.000612446
zGrimAgeMortEAA,0.11700676,0.32109243,0.37135279,1,0.63128346,-0.0561282
zDunedinPoAm,0.13167481,0.18243277,0.25441685,0.63128346,1,-0.038625807
ztelomean_no_outliers,0.001830509,-0.003898963,0.000612446,-0.0561282,-0.038625807,1
